,AGOP,MI score,PC1,PC2,PC3,PC4,PC5,PC6,PC7,PC8,PC9,PC10,PC11,PC12,PC13,PC14,PC15,PC16,PC17,PC18,PC19,PC20,PC21,PC22,PC23,PC24,PC25,PC26,PC27,PC28,PC29,PC30,PC31,PC32,PC33,PC34,PC35,PC36,PC37,PC38,PC39,PC40,PC41,PC42,PC43,PC44,PC45,PC46,PC47,PC48,PC49,PC50,PC51,PC52,PC53,PC54,PC55,PC56,PC57,PI_XGBoost,PI_xRFM,PI_MLP
word_freq_make,0.00014067076,0.05201516959558794,-0.13041324426277565,0.02432023259304688,0.08648462147785999,-0.04088094254881162,-0.08658486406224782,-0.06562029840865666,-0.02287830010310639,0.09531762966969884,-0.13487096056726453,0.08132600162683343,0.005579946367034104,-0.010140499046136257,-0.014031169779469091,-0.05305790698319854,0.15396151764076313,-0.28003411771389297,-0.1263112251031272,0.04950025797083516,-0.002451659070075901,-0.09546215344817205,0.29243518591402357,0.3325935408164306,0.2614508458913166,0.18109604577875704,-0.34014312777442846,-0.11811276493417575,0.12163040255393064,0.035106400895458516,0.09728427801659631,-0.2616601431993694,-0.018532246015258186,-0.09379124381750675,0.09240751887888125,0.023594809196941804,0.029472025144581575,0.08579487045997677,0.03139002074697219,-0.1630643351739122,0.020282032457309487,-0.020106270802438864,-0.02397234781414404,-0.00042458168171505706,0.03763862202203089,-0.00708232316518434,-0.013197190380730667,0.0010705325167815279,-0.011551904497066896,0.0028218667281232554,-0.00278472554744838,0.0033849954498576342,-0.012230636153252724,0.006630417560441531,-0.003917240223225618,-0.001654372494781584,-0.00029742265180293924,-0.0018646018018962443,-1.7812970337071632e-06,-0.000867678958785234,-0.0008676789587852562,-0.0021691973969631072
word_freq_address,0.00063475093,0.06319368519884949,-0.02534488217846802,-0.03631445595534619,-0.026219325316240934,0.006146182459379195,-0.02991828098996478,-0.002414085404476081,0.00571464433775985,-0.07090876301105818,-0.03289373178593848,-0.05561985355724531,-0.03141118616865248,0.023900637773262175,-0.15469477268627682,-0.2420111491458369,-0.3368971115096761,0.3006865570007584,0.29014483335495883,0.6846716858899061,-0.11575458592454087,-0.3744405702577722,0.19136142599174563,-0.051944966322621,0.12130452804144966,-0.06353750966131803,-0.05707310226760032,0.12125257436363311,-0.026656010339565217,-0.05314999549339779,0.04130772977517245,-0.010223266827656823,-0.039222791715928455,0.03573024013938107,0.03933655914920592,-0.033929316656873626,-0.002683266191070422,-0.027597850829476276,0.009427090316452327,0.010081638243653514,-0.00038250099174389623,0.0011501365005078183,-0.0026020437743224474,-0.004663795879489178,-0.0030117322334766343,-0.006784202723303852,0.01093651731444908,-0.0004581545980497714,-0.004623158538229961,-0.008316185740396786,0.001900857123612625,0.007149966702514961,-0.0042234605820796215,0.003935491186578274,-0.002871374897160381,0.0007102351201276965,0.00043928381593197574,0.0007736795287715496,-1.2178205174426685e-06,0.0,0.000433839479392617,0.00043383947939263924
word_freq_all,0.00039605025,0.07800966736731696,-0.1802857870279454,-0.04166324117470999,0.17625121071874517,-0.2286401336137708,-0.14097410553438008,-0.07337640680154753,-0.029865943040035474,0.17358710746921388,-0.01207064599232276,0.035194557596399875,-0.0131371425714421,0.07298248097105332,-0.061388056706387466,-0.18148801266189665,0.07051581042181286,0.09341665354307895,0.0001458517968621664,-0.11315173802207827,0.06853240747924333,0.13884599140451642,-0.024639673902164993,-0.057130104157564,0.005162573063765986,-0.12223895727545285,0.06689787039204852,0.3827343284090152,0.3554369520247552,-0.09218263826048778,0.17264829489866337,-0.08719662951787414,-0.25932606719985934,-0.04043390477714421,0.10110811860043246,0.1229935158218514,-0.11112615213748407,0.04579471878074517,-0.1690139589504415,0.02978867152709071,-0.004209156584492486,0.03613520231982673,-0.036099785970170495,-0.05413514476010468,-0.009366463348312662,-0.05359400503244483,-0.03542773302832773,-0.01581761478430191,-0.006131698552329059,0.014869988577342313,-0.01406903716968012,-0.01138479772428374,0.007366610555455917,0.0061939201837944175,0.00975709100031537,-0.0022303099552142026,-0.010448263745398456,0.008038108912181836,8.517384707052205e-06,0.000867678958785234,0.0021691973969631072,-0.0039045553145336197
word_freq_3d,2.1584194e-05,0.032918957204357335,-0.26961086829012343,0.33439145211720067,1.0967149163263819,1.4325518932724677,0.017391216607678568,-0.03248081081832079,-0.005316358496827407,0.010380137790529438,0.05711264050817404,0.04373230807052135,-0.053420129787496023,0.04781851890927819,-0.03230598904585725,-0.02533869039785582,0.010344343068457787,0.028021662422682288,-0.01944046979675693,-0.020121012198401064,0.02080386696339802,-0.001520313084390751,0.011263937601445832,0.0032642851426712806,0.018137837782666064,-0.011880999013290722,-0.005524289962562497,0.032412086430170246,0.02420039183260404,0.0012425850979107624,-0.009832343992186023,0.023623878691050954,-0.002354862556081865,0.022919652342364448,0.0009706614526560081,-0.012714718595253116,-0.008038188577238146,0.0008607361144485132,-0.0024132010812628877,0.010524604623386625,-0.010278713080427892,-0.0002917075617210415,0.0010790968614687547,0.004302120216467316,0.0019226699797944254,-0.0009852630922137003,-0.00391690481070482,0.0032597495463363253,-0.0008442628011674526,-0.008454217466977046,-0.0019937647276467357,0.00334920851834515,-0.0052932560644681145,0.002311517762535934,0.0005226630207084115,-0.0008778380318153443,-2.095396379276669e-05,0.0014728196316051078,2.341238343171212e-06,0.0,0.0,0.0017353579175705346
word_freq_our,0.00085088593,0.10099829821906181,-0.1333731854878641,-0.041812949450459665,0.1525793496103796,-0.16425179413667762,-0.04453021570553049,-0.28780131481874965,-0.060252791718293064,0.4486946862132714,0.06601840979761017,-0.10250894529084513,-0.029588876770038325,0.17535549819169388,0.3291549301590837,0.1311438974379921,-0.2743329870991563,0.5087720151162307,-0.2787531526665322,-0.3348187530509724,-0.2031593759759887,-0.3183047751780541,0.008325113136040282,0.07907820768830848,0.08133865161599575,-0.12992693326519458,-0.003018782018534151,-0.07611815757575428,0.06198350023210614,0.05020137715685131,0.03652667874271873,-0.050885583375037076,0.09868083892002694,0.017512628133401775,0.03725375402359367,-0.010605303721157722,0.07484421231523648,0.012696295424296533,0.008705045794854439,0.030312903314890335,-0.02123715516177101,-0.0004920259295454987,0.003908233109521861,0.0016759800849941915,0.020410820773143556,-0.004732031678822343,0.01650194057170333,0.0032434825269257576,0.005723760959096214,-0.007546874033451357,0.003127859311340589,0.002740296082302019,-0.00290434476571484,0.002044515983139631,0.001798443844382386,0.0008149179158247465,0.004148618153635188,0.001057621382705731,8.562034258386139e-07,0.0030368763557483635,0.003470715835141003,-0.000433839479392617
word_freq_over,0.00015340139,0.06210594349865506,-0.21289889927331743,-0.06931401383546476,0.2934259771349048,-0.33935075554639865,0.046457450599514366,-0.01748176648051767,0.008134614490438096,-0.2868532887752446,0.9003741778048855,0.5129916974752808,-0.38410130882363025,-0.09539670340081928,-0.05053636936280065,0.17181750663290576,0.15066680554287942,0.011219425168346385,-0.17383974266069555,0.0955603566641488,-0.12060481964692536,-0.08155380013652799,0.0756930580499489,-0.0618346449305567,-0.03479681219523614,-0.022068135863759827,-0.04271896107391601,-0.003593384019319654,0.002668486743564367,-0.004267864567252578,0.00793005126485386,0.005214994855501062,0.0027378957943549925,0.014561203035361538,0.02900353476555194,-0.00610475063518841,7.867193491023538e-05,-0.0008858315225429397,-0.010724128711567641,-0.006432228755781431,0.02984971133516583,0.02351617624526156,-0.0042710240431061315,-0.025090040463901113,0.0023643824509005217,-0.025992692152772143,0.001286787137026535,1.2438196067219201e-05,0.005986141590943689,-0.0035058718906840936,-0.003233530849436759,0.0022140389250196297,0.005662625187469097,0.0012758688417211716,0.00025421313223169997,0.0007604706193566153,-0.00013811904536386915,0.005152068104523471,4.910628235955348e-06,0.0,-0.000433839479392617,-0.0026030368763557245
word_freq_remove,0.0011079981,0.1342147550948729,-0.19134616892410994,-0.020709160011250234,0.21172751683910845,-0.08536276906287035,-0.10352043031221957,-0.2718911081959823,-0.02556475381141925,0.0887522290327356,0.10980131991988672,0.11364854121858854,0.021261896519856303,-0.3081774712287337,0.5003850977132135,0.17259641173706666,-0.4197384753494722,-0.37999323220825404,0.4916078105075512,-0.03135309175346879,-0.11725802619904432,0.12996032395514714,-0.1942172582456495,-0.006645583694879969,0.16192730998610516,-0.08171748185048422,-0.10629906055777533,0.040695628449514507,-0.02309230742377644,-0.06671800191475043,0.02412638947813838,-0.0029262139294872437,-0.020506651523462358,-0.00233050596589583,0.049217032023299655,-0.023312481292374055,-0.017932685886656287,-0.05066555464894826,-0.004330889656729212,-0.01727212161207066,0.006251828967941175,-0.00013002014191432535,-0.00759477632328009,-0.013168231651141634,-0.005573121630187128,-0.0034634364111528317,0.009255939826617562,-0.005212919703303698,-0.00038420847749403826,-0.004754828631667715,-0.0026470896285675613,0.0037429756763160387,0.00011036141054539137,0.004436240771802565,0.0004077351526113032,0.0009797062826782086,-0.0010097958817667546,0.0018365558567734262,1.5947963945175805e-06,0.04164859002169197,0.008676789587852497,0.01258134490238616
word_freq_internet,0.00042977984,0.07285371935655682,-0.10176451298578987,0.01217481658521,0.10748979210345569,-0.05989699035404242,-0.07053712797057288,-0.0560255455960042,-0.013047554915918866,0.03235169394793121,-0.04202150643853764,0.023590768894534774,0.003655974780923156,0.001777475619341223,-0.05711259011838532,-0.06545398465718875,0.03676094745836815,-0.0014289689859168194,-0.02715093058192141,0.018719543825675335,0.053603383362662134,0.04469322639548718,0.027296455556510557,0.056751363513383696,-0.04396869076198496,-0.056166383236401204,0.19871976959649845,0.004121583653845824,-0.13439098307646205,-0.23748084481405934,-0.11766269732879764,-0.21717520284793113,0.300901462786228,-0.03955114811662158,0.31169360580601735,0.12297800752072098,-0.2131711915928791,-0.18470084739096665,0.05513722522422291,-0.013238510511758063,-0.0052144317282228885,-0.023521076161268768,0.03250491177927293,-0.09255360997732173,0.048791350190302,-0.0026107077809907034,-0.023010001921383333,0.02035288175337046,0.027859150153939118,-0.010230324765300771,0.007296038001569639,0.008358685681336171,-0.0034944241797101724,-0.021441926330566012,-0.009289134108056351,-0.0033432770094126768,-0.0016786551676042471,-0.0020577870072466266,6.301307499446365e-06,0.0008676789587852562,0.0017353579175704904,-0.0021691973969631072
word_freq_order,0.00010220782,0.005706227124425922,-0.1925883997324431,-0.002588342199680345,0.21410513827311287,-0.25370331585822675,0.006825834864437155,0.08076748286785271,-0.01718046340295241,-0.014305440436420193,0.12681212669087882,0.051257277603385665,0.027946894234951898,0.12520151593527015,-0.049823269738957565,-0.28920612367758725,-0.08167713330440594,-0.05381411497391547,0.15902251633659026,-0.16036449781622106,0.4854481909276664,-0.14033471832239897,-0.03950697973551083,0.14823112298300828,0.11067652121967975,-0.09053926231104725,0.04378649349406179,-0.09105333527920531,-0.11883736325491406,0.38712079136195193,0.015902738367251035,0.1604475827524823,-0.048764376179015606,0.17897056963242014,0.1948220032522883,0.0027867322225214007,-0.04263932272118452,-0.015440954874055095,-0.021134433557158733,0.0023113280685020587,0.06609609492400827,0.018294956384462338,-0.02217700733734347,-0.009088079452253582,0.057661504526892705,0.012652188467788211,-0.05376268505534132,0.029413199727394135,-0.003230340437549462,-0.0035412963946716463,0.013082886990899007,-0.004800348593058804,1.0334221970561147e-06,0.019121103897030475,-0.007184952049869251,-0.0033470860244121776,-0.0015782079965760399,0.007342661089820964,1.7967191740268952e-05,0.0,-0.000433839479392617,-0.0034707158351409808
word_freq_mail,0.00048116193,0.016324729780176517,-0.055180353207960636,0.0013747584217104014,0.12868726943605524,-0.1130641197442346,-0.04351226970931726,-0.03889194207540138,-0.023239588295813712,0.06848542033409362,-0.10917779360696936,0.0399745963430342,0.025346571554838798,0.013624168830348086,-0.07992131196208506,-0.06982439541094411,0.05328699523776641,-0.12802042131356983,0.014294973619830398,-0.010299144330265925,0.03374038412061505,0.012317147423439014,0.010843612297388106,-0.16085113942733847,0.04701086889803334,-0.1769778643219785,-0.15995579350908679,0.08855119058191183,-0.06334433232330294,-0.10831108624845368,-0.04313577911289277,-0.07594683150986128,0.2567002230022671,0.3017117129892469,-0.10058030516808009,0.1837064034157449,0.07937299104040077,0.2719098296543042,0.03574855241853828,0.09707361021195057,0.14727749256461067,0.1035979640681088,-0.04964515363856844,0.025032899802330377,-0.009530191952588352,-0.07932179986884254,0.01174500663175255,0.01514973205197014,0.03684174422671703,0.013404563790021981,-0.009034179429513641,0.003152898993331608,-0.004972029537041673,-0.005487607164104686,0.0018706928016230034,-0.006741776347312187,0.001498521845342264,-0.000996554307165642,-1.0249097141252832e-05,0.000433839479392617,0.0026030368763557466,-0.0008676789587852118
word_freq_receive,0.00013092918,0.04949942861409995,-0.1600701731076224,0.011490102866810518,0.16407107316475317,-0.1874815582691387,-0.041353595236524876,-0.09259651925639203,-0.022389703925442782,0.07537197985035467,0.024615813130357524,0.060280308917761156,0.0016566991475472814,-0.018554982590516442,0.028862397340012107,-0.03791988588087962,0.04588502702006732,-0.03274526858771779,0.017767890459916676,-0.03460270236263102,0.12694216535986072,-0.06477519294470672,0.09986142948371302,-0.0848550377244855,0.033973055627112635,-0.022242427325136187,-0.003970442649676749,0.03609802876419583,-0.08373324615377381,-0.09716149819099315,0.005367452680500625,0.02554564372865584,0.013223361727883362,-0.09073802754756022,-0.024094873519126408,-0.06309441214191425,-0.1582020565041055,0.2750395092816934,0.08082230407297929,0.10621332954170894,-0.19568779141372386,-0.0919134838173505,-0.021082410471658958,0.002953426870236755,-0.0896332013977508,0.26377036822170824,-0.057840532524144936,0.06339380910386501,-0.00848692155680524,-0.07208410398938948,-0.0077248678172532476,-0.006562683203825938,0.008158994889877483,0.012722742230175953,-0.0051888269836259,0.0041687231514865655,0.0026996662795712627,0.011504273528354184,1.941417978085777e-05,0.0,-0.000433839479392617,-0.00043383947939259484
word_freq_will,0.00057772256,0.081534815946946,-0.1178079954896416,-0.029461623968751405,0.0856879773714562,-0.1288644035204613,-0.11250601739816363,-0.09630629276774821,-0.016560563772565845,0.1548726560888367,-0.04410425345785733,-0.027135687674361354,-0.014898122387399957,0.3306835420836805,-0.012962632610312068,-0.02833821288197726,0.06358784978826706,-0.06256008735577469,-0.0783365147192094,-0.04151210583628387,0.10595126203147225,-0.05953667721045801,0.044017766184152214,-0.09042371794946494,-0.00899401154027883,0.0049544219191778125,-0.33983604042010634,-0.12299200087880603,-0.08903171336397303,-0.37616805398512687,-0.04147609003606048,0.3963019555298946,-0.04896818759039349,-0.013325916879242847,0.03798129730288135,0.013428206623938285,-0.053372296156838896,-0.11971045403802655,-0.07823709314733518,-0.06275568498511343,-0.07226364450625486,0.03981688224913837,-0.09453766678871511,-0.008493138357565306,0.008579295683221497,-0.0485574791982573,-0.0047957609141688305,-0.019365789204152797,0.012207555935131986,0.008288143327910478,0.00815917597005519,0.010968781661402187,-0.0035130920983994438,0.0010713031452382923,-0.002644980769453296,-0.0019246658436021316,0.0003772015686329953,0.0024060510603782313,6.8727607808812955e-06,0.0017353579175704904,0.00043383947939263924,-0.000867678958785234
word_freq_people,9.835191e-05,0.005188207880523876,-0.08301153885466735,-0.0033422086049309727,0.10948926671960679,-0.14522595675574304,-0.09004757077098437,-0.015961506325928014,-0.03433458845572491,0.050591524163490734,-0.017069939478210863,0.07318328866781237,-0.08588682133044695,0.15438370286622416,0.027963215730207006,-0.290368189038414,0.05284329933597046,0.18243849965256992,-0.17858519496995706,0.08945489286116619,-0.255907834897017,0.4905082099021645,-0.0835202598721336,-0.12470991816182869,0.5244113687295907,0.17636846002683015,0.08796256653711144,0.050954106618101194,-0.1716326941911151,0.053653466639576285,0.027659286126292724,0.07929490897057086,0.03806648368326035,0.029874586328471626,0.010659692545242464,-0.053737550513098496,0.03593155626411994,-0.011264016640209073,0.03646748462589458,-0.016108877381358157,-0.008809167641714901,-0.0019552176967636997,0.0001870069564719698,0.011431496856208482,0.022572437277121174,0.0035423434402480835,-0.02442203891823448,-0.009636738049775447,-0.009592135233650618,-0.02082144605672571,0.003987643027177892,0.00917714226941615,-0.004059613805624964,0.01020044000207845,-0.0029869085701539452,-0.0004071284149671021,-0.012892954033543598,0.0018038876758935435,5.9619756455810675e-06,0.0,-0.0021691973969631072,-0.003470715835141025
word_freq_report,0.00019180361,0.013865351651487279,-0.008439409295430175,0.021184336803535955,0.04579521832222684,0.01701459157180485,-0.011947192929669616,-0.007268561735811027,-0.017909255449123532,0.03233976675553701,-0.012988763179301218,0.03171483945917957,0.0080132206903356,0.03068026662724039,0.00422139866705197,-0.06192801540185462,0.034780347146886714,-0.003950684451724513,0.00808312111034792,-0.0035885709473504083,0.04325181449157778,-0.02952089129588103,0.000193766895308681,-0.026280316730376584,0.058548327164261234,-0.03695454469759406,-0.020704690274822447,0.014404102081030691,-0.03610818320772078,-0.007739345972905277,-0.025373132340171054,-0.012606144425227029,0.013697873530211364,-0.0639396322749513,-0.0036955815622210786,0.006682214796447317,0.041121066322105077,-0.01450867135484867,0.02412805483713914,-0.03351003446453468,0.030922889786625104,-0.04593630031347007,0.013934662434734001,-0.013603341973367163,-0.031153446487368106,0.0002954302247338862,0.0720969540289473,0.009350164574740891,0.05059744152438385,0.0421656463298857,0.05138210174812102,-0.1253976253985706,0.27287022019599305,0.02074738169820956,0.031451581579319675,0.021059567511117695,-0.010058425979636148,0.005819681319719745,2.701826964498098e-05,0.0,0.0,0.0
word_freq_addresses,0.00015952377,0.0,-0.30955270035699606,-0.04743808972503652,0.7339496748397233,-0.5418395464451115,0.06565632353327182,0.6045665120160731,0.03130196605160227,-0.11076105656434077,-0.0515017427512181,-0.21714959686564275,0.04266253210874531,0.039307105992906814,0.04621111117636504,-0.012246356671710873,-0.12790897278233823,0.04393506826581619,0.0851832677783309,-0.06703783040404405,-0.027739504697137336,0.1422812482670105,0.1554661701868658,0.14154110274453402,-0.10034310541706781,0.09430002493616887,-0.014639000228681458,0.08888518619043155,0.21954367999403385,-0.07751033619548775,-0.1251038374970694,0.0038022679041700086,0.15658462021825223,0.08079225744880539,-0.034213525788523116,-0.2682458875119639,0.015096668708915772,-0.022917551437793844,-0.03334309408436596,-0.02460005519725813,0.01909649713656841,0.03757363648556332,-0.029258926133729646,0.02144038540160955,-0.013772044690904548,0.019426540106417457,0.036587176350712965,-0.0055998634194561366,0.007909323862230384,-0.01696367874309811,0.017186646184953698,0.008820051181484226,0.012797336968634427,-0.016947508741056265,-0.003100640413167194,0.0028271287348495358,-0.0014755147957728621,0.01818835095584086,4.6977877871598216e-06,0.0,-0.000433839479392617,-0.000433839479392617
word_freq_free,0.0009161837,0.1665156927066398,-0.14415239746212852,-0.020510923176614917,0.07283020019454854,-0.06580390428713363,-0.11801290706761441,-0.23393570271297884,-0.007524174957905096,0.04326252722914054,-0.056055497827202275,0.005540252814789576,0.10579451305804802,-0.2564111492079918,-0.2748699280738234,0.3609212619123888,0.43151164431763306,0.4826763047252966,0.5593718348885863,-0.2067581187228856,-0.0008730997060833809,0.0909445290066495,0.1576717630812432,0.036455574794147384,0.092909900159923,0.05385656622794781,-0.08046081623613426,-0.013376828669337471,-0.06755150087501496,0.010809952711325671,-0.000631021700221202,0.034963963405060694,-0.0005464364841737077,0.035740187895414166,0.015138992771855764,-0.027164396789160696,0.006229031465661799,-0.009472688087092505,0.014420713354577864,-0.010630846040476765,0.012485519976763663,-0.00508099307060471,0.0014093362994131722,-0.04690210258457715,-0.0009331797578187983,-0.019818882315438723,-0.0007701826000827648,-0.008224811982523594,-0.004536858226839469,0.00675389101888603,0.0037871223839249842,0.0017260736373259662,0.000340458813011367,0.001985294530868387,-0.004675959816276182,-0.0007347600211186121,0.00040900488534725246,-0.0017633131637119148,-4.1079094090694395e-08,0.006507592190889344,0.005639913232104133,0.011279826464208265
word_freq_business,0.00025992774,0.04065453981002465,-0.17446256574916275,0.00683228704282621,0.1395630000866831,-0.11258823423227904,-0.16939278684616635,-0.3090125629834581,-0.046590897927332155,0.20900647668492492,-0.14999909861803135,0.061003263805655975,0.03425024194990584,-0.16719218465797073,0.1420542729623319,0.1034766996242113,0.09563275160817883,-0.2622058373477122,-0.08156744702502873,0.06561626441994675,0.038676739836698996,-0.25506345855154494,0.3167001551176386,-0.12098951081671454,0.05736326228192458,0.3623358998805895,0.3593151405239934,0.11130188017551162,0.10098517666401755,0.040660435786833184,-0.02390055004716549,0.20006417086330838,0.06490561406154144,0.07010553918118484,-0.06925781901251118,0.06432020902099334,0.05700753207996262,-0.06914660948495356,-0.045101247179564215,0.010263417286542993,0.055446356397176676,0.03732615102568675,-0.004496876572550965,-0.04823108917238576,-0.025764075303452642,0.0012923728725113906,-0.011088065628244088,0.016131697983745155,0.0009020848359015341,-0.008627521128755868,0.003320620855163648,-0.0013644158459979678,0.007812323397004243,-0.011289614061024644,-0.013567237866666176,6.788608867491299e-05,-0.0003420343992729468,0.0016025919971233474,1.969742022635216e-06,0.0,0.0013015184381778733,-0.0008676789587852118
word_freq_email,0.00027093096,0.03711777701911645,-0.21994694220431835,-0.0036736443038175937,0.4133689423627193,-0.21455093217855947,-0.04253922286836199,0.04836571223212079,-0.015847574969165893,0.05009596398099366,0.029615449973526227,-0.04376334333484653,-0.048736842591465344,0.008966744752023833,0.08761941439684641,-0.11950956187238375,-0.3183555293768651,0.16077906732512331,0.09012768949940804,0.015115120892287025,-0.041572492184827774,0.2808202555477202,0.26822137436104976,0.04209117947434891,-0.3149111444232536,0.20285957360606902,0.07568701987662017,-0.24913678169341133,-0.2037733019670858,-0.030992074867427763,0.06743592605124829,-0.02625715949769696,-0.17834356307674934,-0.058155527889717964,-0.02474414856695143,0.269496561410364,0.028247808918940607,0.09911582209880458,0.02559358286607083,0.009131938631997473,0.038468215755245755,-0.011285544429118197,0.002674886576689769,0.01630384383100173,0.00226756682786411,-0.025894761549171228,0.001954030744281847,0.008949067592368017,0.006076891746800936,0.029280714500170668,-0.007855158412472859,-0.010503505471565085,0.003050071566140454,-6.59511483074698e-06,0.0035107522551932626,0.004232862704220862,0.003751239921900979,-0.0014688341768817168,-1.3246248065741242e-06,0.002169197396963085,0.0,-0.0021691973969631293
word_freq_you,0.0017535813,0.07598997594738455,-0.3365938848860252,0.35449901972353387,0.07272323272657757,-0.18770514653932943,-0.13232175424704615,-0.2245233549818759,-0.09968570378192237,0.23673499513182183,-0.23836149805117132,0.158458797244885,-0.011877089507663178,-0.10771529166934987,0.07102865561979195,-0.04060500613510767,0.11015829181916909,-0.04181816482152556,-0.2013236009325045,0.15165519699875915,-0.0782317098802678,0.1627491243343686,0.11918755880736061,-0.09976751204508562,-0.30486203295765385,-0.1045143381050574,-0.2234882921723409,0.09458112609176338,-0.057746763419395684,0.20538409598921803,0.07009546615404359,-0.05151382639649837,-0.057127393614330016,0.2546563262409977,-0.03353241106212723,-0.11153189379797414,-0.0845460194859856,-0.1709968922409985,0.09747683911450597,0.033578098974801074,-0.0829566753114357,-0.12448586836805367,0.07002174743241252,-0.005057837356711854,0.01664767421479036,-0.006841113831963709,0.011990336805466496,-0.002554324955955576,-0.0011259413832881867,-0.0019572699558795467,0.016490440908658942,-0.0037096882420195577,0.004020236638547408,0.00840045181402604,-0.001091148172512051,-0.005026110183577001,0.003707561961109022,-0.0013038121053828226,-1.204856020355991e-06,0.006073752711496727,0.0039045553145335976,-0.0026030368763557245
word_freq_credit,0.00034567103,0.048340484926594485,-0.07505546421545471,0.013614469099887925,0.04384127437651835,-0.0632757403740081,-0.05556751070257807,-0.11191749652271672,-0.015102744838643132,0.05341510643302853,-0.005920806693512802,0.04019143800242393,0.031065970025638313,-0.03610372259212486,0.0369036480373413,-0.033759812045454855,0.014071886917210535,-0.07243899321361336,0.017907157486938618,-0.008081677087955782,0.10630783798852762,-0.05710237475009831,0.08609317180930456,-0.05666204122739882,0.0023150345061878027,0.0052935172222835745,0.12317476810352573,0.015790243367319726,-0.06811426199435096,-0.03258082854351234,-0.07177372946122268,0.01900699249300402,-0.015323007210619181,-0.1586286228698326,0.01222245412832251,-0.2219866766834244,-0.10021603926634184,0.20385016084893437,0.06049890028282571,0.08218056394454232,-0.11190719737665082,-0.018560690566896527,0.09230833789100466,0.10858151825519467,0.20336607322698574,-0.258983124514001,0.011021030861979815,-0.012686498316282751,0.00620394276134923,0.049562041006577295,0.0038869969872120545,0.003869613590532129,2.58739658403241e-06,0.013552610663055485,0.0021933634523296037,0.0011849591616624356,0.000939931861452397,-0.0017601343592560043,-9.32788332951553e-07,0.0,0.000433839479392617,0.0004338394793926614
word_freq_your,0.0007569646,0.10586799129690383,-0.21442468964187872,0.04431781396939352,0.27070108644191565,-0.1682372836157547,-0.15631122068041514,-0.2127527382932094,-0.053187227049412165,0.13741838275556,-0.16027721190478403,0.08339081149547117,0.04665596315843105,-0.0281147196790165,-0.01715330546821386,-0.11052634023206215,0.11512158066840743,-0.035943585193392955,-0.09088617834176202,0.055192991288199225,0.10971236554039035,-0.010889489089900986,-0.0072275685467952265,-0.11893090514561788,-0.08887485591878978,-0.24892220205612278,0.09683644098087493,-0.05532749556689995,-0.2188348913378818,-0.038106957514658965,-0.10834977537000716,-0.12958437159207595,-0.14597744997719017,-0.19646500007403775,-0.0007921979831405722,-0.21853963278452604,0.18048052543829463,0.016244108871082484,-0.025255153547393872,-0.08138540284183046,0.2013747177403552,0.11823454665396738,-0.04979162288774442,-0.1049261268775309,-0.06073672152205513,0.02584217791462112,0.014753345881626499,-0.034950423972209814,-0.017677944542035636,-0.05593948857718556,-0.011707116535628417,0.024450078648735267,-0.01575483832274913,-0.022837734274635025,-0.015147119419910813,-0.0006589610537244661,-0.007792485050850263,0.00389437231744541,1.5332584716808843e-06,0.000867678958785234,-0.0039045553145336197,2.2204460492503132e-17
word_freq_font,0.0009090045,0.028391494145249663,-0.02989747840042869,-0.0399729299146944,-0.029522196829149652,0.07770789465454735,0.020494245954225263,-0.12134559645753625,0.058118925511929084,-0.2797457031893298,0.3786412595531996,-0.08127401895712356,1.04520144561039,-0.025402820156905127,0.12507527885690542,-0.07849578346392086,0.02625080610899177,0.028288612620604784,-0.15721970488363846,0.007055683547292948,-0.11843765302413081,0.03512150833258556,0.12191253500976905,-0.025498606022454764,-0.011970432485749333,-0.02246950664208293,-0.035602468549710505,0.043392232370473384,-0.0267907865797502,-0.02177141290203504,0.010194838108948315,0.014024418958614938,-0.03275522839078238,0.034783128202580706,0.04606905101582505,-0.00526138592001097,-0.009672128734416622,0.004633437636324771,-0.002643277748756352,-0.002382566705656562,0.022477077710027934,0.008329387183864051,-0.018482174289636964,-0.005562345488917609,0.012386415339227057,0.004117932952763661,-0.010573720515694711,0.01661427007685466,-0.013266377493888528,0.006460451454260117,-0.003542318512694454,-0.011341386942881924,0.011968178147549519,0.007007007760329506,-0.04131353184996599,-0.02301649518586403,0.005634769927585793,-0.000847054061908763,1.9977183377381624e-06,0.0,0.000867678958785234,0.0013015184381779178
word_freq_000,0.0002633785,0.09446247215829451,-0.31070931633059024,-0.02894841624013009,0.6906389326051456,-0.3931276924285845,0.2511161785313233,0.37624572808686163,0.07912169331836547,-0.09224030148090617,-0.2868388687527574,-0.2806107175849451,0.11133787124906729,-0.1544547275537019,-0.016707081998234223,0.33575572461989533,0.19072184833148556,-0.07695683126762867,-0.13907419747474464,0.1434839300657682,-0.20008134476819278,-0.21829877534074535,-0.24102589071613442,-0.15978688514189596,0.09776397526795513,-0.06608190275679506,-0.02225759344595083,-0.04542899945322354,-0.1105895339298809,0.10751341242847676,0.11419512373459108,0.038454632386387286,-0.08630571157910223,-0.08156576556422306,0.05109146219238746,0.15032643261734058,-0.04436370951774555,0.0031281188852962114,0.008743987451369256,0.002462986655362555,-0.02824581786173712,-0.010293032449063683,0.02208262519138567,-0.027501364397776416,0.048877213004150155,-0.049253601989490754,-0.041883910622135645,0.028046435213289877,0.015477465520140793,-0.049952174281083804,-0.012902777253742575,0.0008836208767894526,0.010865224937595404,0.003003753759737727,0.006474563490856307,0.0003939532685618712,-0.001602714398087514,-0.0014408462583105825,1.6082816424654847e-05,0.0,-0.000433839479392617,0.013449023861171394
word_freq_money,0.0008712683,0.11489121378217626,-0.5334662706424919,1.8169743114753971,-0.4084993841349838,-0.1347473881001476,0.14642057485050483,0.1437907166025639,0.0280618764641124,-0.03483429016460501,0.08429828901261481,-0.045726686435219405,0.003732355776382983,0.02064248782143763,0.03562377059624841,0.02869951407419637,-0.02599579019771666,0.03215836766309181,0.0487395554812604,-0.03562485858957853,0.0017481609492173197,-0.0326536987702581,0.005137978465159627,0.002936352646854201,0.06183941275086253,0.014602993530297653,0.03246097723785396,0.006440005330990891,0.004118790870780603,-0.04989123481050477,0.002411631700573141,0.015230716610735787,0.010727929180679238,-0.04751560688115826,0.007126786690382465,0.027586365856701964,0.014661418344706323,0.026755831763489328,-0.02312498880314958,-0.006415945943569786,0.022224601040422478,0.03107335528464917,-0.013982259995046823,-0.004170258251724203,-0.0017718350789502411,-0.003145956689019703,0.0015824490913848343,0.0003510709789521057,-0.0007841616143428154,-0.0006309417349659079,-0.002567537739165221,0.0026872942836117155,-0.0016255244475586923,-0.00015103447517005056,-0.0011504181338486896,0.001649913163851494,-0.0010266067209502591,0.000490458240639291,1.2375160844172496e-06,0.0026030368763557245,0.0013015184381778733,0.021258134490238632
word_freq_hp,0.0018958708,0.164176094860627,0.5997612484714802,0.07878058179444536,-0.0008929696878088858,0.060761401770744856,0.06690823678140183,0.2821325355744695,-0.20006773773009415,0.6352124768922732,0.4229564490967558,-0.4046338762104141,-0.005456473434004933,-0.24074217622934943,-0.032205832690439855,0.09782779550734313,-0.008728778016522455,-0.007972164964618703,-0.08520612648322368,0.06802043629870765,0.161941257623018,0.015983083497477134,0.07192078201273727,-0.06204621849430819,0.15109249370735592,-0.001572570475319051,0.008161912722401105,-0.020184275170770538,-0.09477143230325007,-0.04054232762845577,-0.09610476760591888,-0.10267481434964344,-0.1208209787766367,0.08746982716771314,-0.14865071643420133,-0.022286849362882315,-0.21058140834880404,-0.036864794419487014,-0.005989656039607583,-0.07646898938358851,0.08771576110358467,-0.0204392582269455,-0.036577475611364756,0.017908431312828925,-0.026958837219872078,-0.022857825860851003,-0.014295377857154177,0.004969752854810314,-0.0014568138448035532,0.0020394783307573724,0.004765229684702997,-0.005847500833266178,-0.002458023484290642,0.0002681330162919784,-0.002557388350225591,-0.0011070345363108323,-0.0006801719542850735,0.00030781767179527094,6.839075301942165e-07,0.03644251626898047,0.02472885032537959,0.028633405639913234
word_freq_hpl,0.00019839441,0.13343941858835073,0.5824386921040654,0.10040034399786897,0.056488545193938665,0.011168978752909729,0.1150779460755356,0.17618675770785558,-0.10861343911042935,0.3510108260784049,0.21319285721873707,-0.19027686125571416,0.0016261969982111647,-0.1078855354230524,-0.08027607827952152,-0.04621097021174223,0.023377474326093457,-0.10130249180728378,0.05962801769185107,0.003666772465043622,0.0732194138679524,0.08371466634751393,0.10243270720014845,-0.26467888323714617,-0.05547988213674664,0.05376274330794462,-0.1448500293445398,0.038136860948363334,0.055187356602365456,0.024942786554046196,0.041096974454052734,0.02866469731102959,0.06777756656249904,-0.08363933278671538,0.29666723487052704,0.008549605125401566,0.3138668045075866,-0.009919156827594786,-0.02264013978678318,0.12725031264895068,-0.07132787310713971,-0.01212529715649832,0.13480150450576894,-0.013931513772752525,0.046809646249374476,0.049256105209378745,0.025722405392430713,-0.005316421132613134,-0.009883904043106375,-0.007923237591606562,-0.02589312465887775,0.004905353144141173,-0.00518174566725015,-0.0032493528754034993,-0.004565247005267478,-0.0027315042915493997,-0.00017881538926223586,-0.00032400141423945885,2.4938889578661243e-06,0.0,0.001735357917570468,0.002603036876355791
word_freq_george,0.0053480733,0.1415496965116949,0.13202406934489597,-0.07351405094978528,-0.18345753510996193,0.16600798881245596,-0.027805732880249682,0.07188478701426672,0.09903133574444997,-0.6077732102415255,-0.09494856232477047,-0.4028148140683514,-0.3440989010486096,-0.31239163932515834,0.4000580903790576,-0.14559406601638786,0.07483829759328046,0.08146467160574276,-0.1294218165166477,-0.2757251519696687,0.10510335076902572,-0.06149169177790021,0.3084843203339286,-0.11654911522970351,0.09523684282909059,-0.08381497831358754,-0.07013412853094912,0.1414846584676762,-0.14231583233940814,-0.07305334385024491,0.05012654152123706,-0.01269180618627576,-0.08586407806680914,0.04473672319896593,0.0535615425012667,0.0006113858450628852,0.0009886520659837601,-0.04102397655014488,0.03144178900363607,0.006078589162936871,0.02235715079674345,-0.0014078515074410535,0.00032217252243513825,-0.009423741139837212,-0.007619970990184915,-0.014858920745427641,0.020368791677034453,-0.0042986208914370695,-0.0037612315612234404,-0.010685687045862566,0.005623829548744839,0.008787968418573672,-0.002778490823558819,0.0062784812790234856,-0.003640725514412064,0.0013907636166010612,-0.0008961552361288236,0.0016704826435592873,1.7136818338890823e-06,0.022125813449023847,0.0078091106290672395,0.01822125813449027
word_freq_650,6.7695575e-05,0.04710619735523247,0.6660797851486581,0.19403909245680878,0.19068920735459005,-0.09687480994379583,0.0752469487715137,-0.15416085059253318,0.05355085074089132,-0.09677684963745274,-0.07330006218441591,0.03206656226033762,-0.005737610565915113,0.06687404267215225,-0.4111534703259944,0.0001675212075275984,-0.3031109069349112,-0.18676168200245152,0.033991523046596535,-0.30727367945576317,-0.2928995799660148,-0.009566370621154771,0.2524026641286148,-0.16232682017604283,-0.004158858304887768,-0.11821184512007475,-0.015005895624346385,0.0741186753471385,-0.11273587797066795,0.17911261461181985,0.12658080990982654,0.03713646939922887,0.11632779531296691,-0.10460524434621675,-0.06847080365955034,-0.024669699284616122,-0.14203772113080435,-0.01713672107065695,-0.12202536057577032,-0.12156738847022605,0.0008060674541639034,0.04669874134329029,-0.020409242362796967,-0.011816167153416594,0.052170248071608874,0.0397143741817065,0.04128626545387418,-0.020818616735923216,0.025565273151313756,0.009578556378181401,-0.026956943398855026,-0.000843233823969181,-0.0023898113875307856,0.004552327740078264,0.0021750905494269794,0.0031577872715694007,-0.0025844164072685257,0.00029369104739630943,5.058545839107122e-07,0.0030368763557483635,0.0030368763557483635,0.003470715835141003
word_freq_lab,7.1469905e-05,0.03956548312962549,0.3822931919617385,0.12843117856340883,0.13323912312434036,-0.07151275306828002,-0.0972979202619646,-0.04353335894679285,0.019150096443321586,-0.04411258947515082,-0.04110497663512658,0.056415390707641976,0.005686591521812199,0.012656166826188232,0.05526308071113944,-0.023128230361934198,0.04532691946331058,0.057295864394221144,-0.026401004064799748,0.04758262862902582,0.029711314815532894,0.04611340710686521,-0.07125763155108918,0.010324803302967426,0.03383874579683884,0.006549894183245724,-0.00026494986711045787,0.0274070340131865,0.022602220260591444,-0.02392376138394199,0.020755816797054474,0.03197188823091302,-0.050350166997113525,-0.004707953446669222,0.011794886203616154,-0.03745122154142019,0.004437389788848578,0.028051641192339907,-0.034375337685894694,-0.05764317057519738,0.03865979239538281,-0.015684616264490477,0.03960471136982817,-0.06448915413536113,0.013169125709442687,0.006000541006315078,0.08986813192022661,0.21201589525901757,0.07371054207901932,0.05001119797385413,0.037224528177748226,0.02882304872679924,-0.02543743576980967,-0.029894130884863642,0.016779433170461003,0.04213224676787866,0.1464713267382487,-0.014922178567160965,-1.0284501918342866e-06,0.0,0.0,0.0008676789587853007
word_freq_labs,1.1626199e-05,0.0,0.562576228810424,0.1764305655024146,0.17432759692040056,-0.08648675481190343,-0.10563647329728851,-0.05373116147003823,0.026441529727714397,-0.042618683924078755,-0.011268754456438913,0.032031301227869145,0.008393959512989546,-0.021695750561850698,0.04839249694837169,0.013219696447470997,0.025138212255870318,0.06137922335697223,-0.018477704798412174,0.05532634755066303,0.08365887839618287,0.006231222030468354,-0.0973826455805849,0.030849086063733093,-0.02489598860409936,0.07391783901620076,-0.0014581096738745458,0.0140895916566111,0.12950334959353918,-0.02383231204137207,0.04649742121263802,0.042597226718359686,-0.057287090123466354,-0.014939114749359042,-0.03678489452659048,0.032469041085481154,-0.04238528969285664,-0.018497622277525102,0.2722239978718885,0.08780299473374216,0.0648449780079141,0.0678938323943869,-0.18243637863247608,-0.10072229821059639,0.24423653322285074,0.09476880958100524,0.15220039595859441,-0.060639106153475654,0.0099106530740648,-0.02971275832838325,-0.029583913982729616,0.006188711941988902,0.002326340224162714,0.02410649004283917,-0.00030739888608709553,0.00034985579793276423,-0.013448988603372318,-0.0021331059898354616,1.1697771247052447e-06,0.0,0.0,-0.0008676789587852562
word_freq_telnet,6.593202e-05,0.021788568552276733,0.572790942083409,0.19403046375232724,0.1972180554865668,-0.09831450674849128,-0.1308392910615031,-0.05791291370146998,0.03789016682088394,-0.08809752842050886,-0.038222364682571175,0.053431964859347036,0.01670275855343657,0.06975081493267701,0.12343116757754302,0.06165573682487136,0.06673660736548337,0.035936108891977715,0.010410228083759854,0.09566106245127727,0.07620404182780485,0.010256003595818953,-0.0024138688742121384,0.06751857645832988,0.028144774636990614,-0.0073637808877922645,0.017861307530212093,-0.050373428047315594,0.018787478612418133,0.007135892250798081,0.021547665876001227,-0.031244618241433646,-0.02704487678525113,0.0004925206663002438,-0.014966429143628826,0.019375225276957158,-0.007263011000922228,0.013968486418840131,-0.07332582649900611,0.04841685438894054,-0.009482749970734335,0.005974513047197809,0.08668032201356544,0.04967227614891109,-0.04691375310690904,0.021071930310990236,-0.05777414315221227,-0.16914196143826737,0.23858145141572487,-0.03703179449699899,0.09747997305544448,0.04846338398479243,0.002541365507373242,0.039912593176139786,-0.07396512931396934,-0.013621214602043085,0.021068664379638218,0.0027143365833200276,2.3792166450062203e-06,0.0,0.0,2.2204460492503132e-17
word_freq_857,8.183303e-06,0.06040593756552415,0.6525039324908989,0.23495531270310732,0.24326639613094495,-0.12657811331697646,-0.15150238116705744,-0.06904856633284358,0.04294678600653116,-0.0954417337605752,-0.05576207451579525,0.09235855613510706,0.01792431391559026,-0.012070011259154557,0.1164994734198922,0.0058619666233244855,0.05626522967627859,0.07304134116510483,-0.010398789208115029,0.06515790663140614,0.05055374612710116,-0.024130000655990632,-0.0484795748972784,0.0728145728646494,0.008663323072697824,-0.00958780612956896,-0.0008891817139500005,-0.00935246827650204,-0.024352685785377526,-0.012351642903010007,-0.0016512360351169017,0.0072103881263805205,-0.0158304736159477,0.039333893329349064,-0.0063865680656579665,-5.157457305112709e-05,0.014860670074934357,0.014575112395122146,-0.04498226385376927,-0.025544207477857926,-0.039922106877808075,-0.03243515257361886,0.014847777012729884,0.03735126016742032,-0.0022832674203022312,-0.00027008875002101923,-0.024904688915254655,0.037059271167623316,-0.0006301115729160756,0.04000216646634501,-0.05136739973631435,-0.017790965463438575,0.005629036332284406,-0.12774734237526875,0.005852509130133175,-0.014637422733588196,-0.054259150352291535,0.013911223156700236,-0.008765687292984551,0.0,0.0,-0.0008676789587852562
word_freq_data,0.00019059573,0.015660328174978533,0.003421242628816976,-0.04386596092915764,-0.04846984270368801,0.027401235617876208,-0.0012646375312152004,-0.017670765340721196,-0.001739575161185001,-0.0035553574643338716,0.05462197945240866,-0.05683978078735162,-0.031674191856805825,0.3930626364220555,0.09313357320651329,0.27011441072097425,-0.04536721452497977,0.009228316306560394,0.021735652063549122,-0.0093861121940729,0.04297198329625993,-0.07000819739176542,-0.09465189048715664,0.07028285204465391,-0.11268707922304867,0.31781625887602216,-0.1563721012274099,0.460988697148921,-0.32598804839127027,0.10869057224743066,-0.17079480986864617,-0.1320212543016779,-0.045494864537337414,-0.03605103662820736,0.02305301821531315,0.013640777760565428,0.024419354835893352,0.016228352536378353,-0.06612698447824074,0.021330868924343428,0.007471120351706134,0.03109204971153826,-0.05170263625238366,-0.00653641407005194,0.04525561854909789,0.01916327556291223,-0.017452179073185053,0.004051044622222243,0.003896036090774035,0.004447406383313686,0.006941039102032619,0.005164839195146014,0.003366764763081868,0.0014458062119598566,-0.0020873622201965135,-0.000659006456337766,0.0014206925174049673,-0.001990099359688446,5.084013619388243e-06,0.001301518438177851,-0.001735357917570468,0.0013015184381778954
word_freq_415,4.0091595e-06,0.012951886116002509,0.6507478967407534,0.2341022203604325,0.24243763441918795,-0.1260688253167604,-0.1510135987830702,-0.06831894458329148,0.04265034174919901,-0.09537481851283061,-0.05582747770834398,0.09274225518086823,0.01821659531848274,-0.011762183751206167,0.11603083843796824,0.005374385106732412,0.05634983544766709,0.0725257221584191,-0.009946528779130014,0.06471783684729407,0.05070101533471826,-0.0250400713858399,-0.04905672907434189,0.07218968745820811,0.008813261152952556,-0.00874628294396373,-0.00043498580010610917,-0.009620154028943423,-0.0247667391144126,-0.012821846204707624,-0.00012673021152483695,0.005909510239868486,-0.015129502102804521,0.0396552262818994,-0.007339577935901263,-0.0003244739304942052,0.015368102954141335,0.014539619072833845,-0.04470481320356517,-0.025178751793916522,-0.03989071552609957,-0.03372471931349574,0.014409808796881153,0.037452804973153286,-0.0038000204781249935,-0.0006919721337053954,-0.022620472900741186,0.03569369957874171,-0.0008555466369932257,0.04207057521098296,-0.0513858222639069,-0.017687671711457447,0.004094570483705525,-0.12824528997227835,0.005685475575351478,-0.01546492523988661,-0.054075792113878265,0.013077637753448635,0.00876596133828481,0.0,0.0,0.0
word_freq_85,0.00010832173,0.02529088653738576,0.53487712782391,0.1614895490063469,0.1664678450615539,-0.08386915838660519,0.05717919480277731,-0.11095486449496186,0.049286565635588975,-0.006721149926485641,-0.014517989685464501,0.005796220133132578,0.002211569875289193,-0.01450184267541771,-0.016386908693106987,0.003912647277826412,-0.05640602262085695,0.03580370842310635,-0.013349326519217056,-0.0038554298337573727,0.04131358051485215,0.03326923834742061,-0.011335813503955258,-0.027849479865979444,-0.06627722874554605,0.0729865538570036,-0.0655978953139396,0.055622686060512225,0.05577766262189107,0.10545012589210342,0.10480423963785575,0.024682267964162185,0.08043859087998316,-0.1573807581813455,0.08304851951209907,-0.0385552742122264,-0.029135592978057227,-0.06378644018202467,0.25247379161177125,0.07639329306962278,0.014895401727327525,0.11406758270093188,-0.16415313570241855,0.07109631785057981,-0.23837695925250277,-0.13854012770631194,-0.11619666150099284,0.05579051095645211,-0.026599428297890648,0.005175506879092633,0.048414350213746994,0.006345599701988476,0.004300158482899419,0.015227557461683704,-0.0008668516979329133,0.005455112084867523,0.00571417665888519,-0.0007850785831476317,4.2050591033459335e-06,0.0,0.0,0.0013015184381779178
word_freq_technology,6.508572e-05,0.03841259801125596,0.5822005956931162,0.19232759110847295,0.21794928641605582,-0.11799989229213771,-0.12049388452016283,-0.06958107064132073,0.040155212930415275,-0.08687640194191992,-0.03750418102318966,0.06328928234908804,0.011886118383553667,0.000793405598772698,0.032007568105072756,0.008289345112887385,0.006525606406073531,0.023189511740661157,-0.005182497341244503,0.03144814750686475,0.03100867020631819,-0.007612662693462704,-0.05069297388152042,0.027724547651009245,-0.021379751307495386,-0.0017857827612503593,0.001686716306829833,-0.03410673027274482,-0.008332939266151322,-0.03834570863552868,-0.021943638045987666,-0.02313356504318888,0.03492802788255567,0.04190443792850959,-0.03067826506165016,0.07222832253575107,-0.00495922991272962,0.0509799613745424,-0.11943250155796482,-0.01733132878819091,-0.03375709108958246,-0.015819331751154873,0.05720976235779641,-0.028459435279095606,0.025806555549147223,-0.029097322380430786,0.045162484986114,-0.0170289783352915,-0.23066697442531986,-0.09293713737500424,0.21190002322402526,0.01894022623774961,0.011121496475148679,0.028434604240088552,-0.009678706729235492,0.0075396357549664126,-0.0010767337281843727,0.0021827351198323687,1.1591961486762691e-05,0.0,0.0,-0.0034707158351409808
word_freq_1999,0.00055822,0.010045249294519332,0.17892985104375744,-0.0416229249063397,-0.10656724553429701,0.14660704800828034,0.14942378180393945,0.3518658497369141,-0.1643668219494511,0.12180008428883327,-0.03600652679891788,0.29024548788478777,0.04554789866290888,0.10445086098880708,0.20252505559330222,-0.16905422326704672,0.1968153270081472,0.00750765841037101,0.2006902338700076,-0.13428085672808623,-0.12076597692692444,-0.19785109158656478,-0.07851054829561983,-0.16462750653168728,-0.11879044167213654,0.18375217789318188,0.08592073327588333,-0.07718551393684606,-0.13178206045593877,-0.13441491261142388,0.3869072212959483,-0.12457548795486562,0.034098122601180614,0.1045583678108366,0.04009703110731942,-0.1434955718214359,-0.012228991304192423,0.0070852289057111864,-0.07195938977106192,-0.019840668570705707,0.059801090867169865,-0.07211278780805679,-0.12231991536204656,0.02337882257365153,0.030473359024907137,-0.009204062545908526,-0.026331915263647206,-0.009588883049479151,-8.383645333567365e-05,-0.008731033259463868,0.011103268212065103,0.0024394035388343883,0.009547059603341065,0.0018870641615819515,-0.0025868309325516653,-0.004143656439392061,0.007298559688388211,-0.0013716897656737136,-2.170614192657965e-05,0.0034707158351409808,0.0021691973969631293,-0.001735357917570468
word_freq_parts,2.464092e-05,0.008610393389286264,0.0016179839684207394,-0.004407309131913467,-0.00715619783640342,0.0038949209080192883,0.0045302762546101695,0.008870971668862093,-0.007156348324039667,0.012640696298024258,0.003260920964661001,0.002172878483040363,0.00482119130942684,0.01719915934699763,0.015049141611898267,0.0020740286953709573,0.0029092732535987028,0.0033404008407188503,0.009635695683558277,-0.0011022360646841675,0.011588452738761173,-0.001274907140837312,0.009216196187333728,-0.017702832795798054,-0.003194889093161541,-0.015580445574133104,0.017267290673017497,-0.0049175479407583544,0.018388058261233412,0.026027736511065516,-0.0172822307790191,0.0004413119425338675,-0.002062261698246417,0.004870893211034236,-0.004275779688668821,0.02784394009940513,-0.011782316371285238,0.011705215032678034,0.014569785226874762,-0.03250449359332463,-0.008291184558676317,-0.025324927329006833,0.00044105544530019747,0.0070604281249241055,-0.009630830471662822,0.015276427988099977,-0.008928024046145483,-0.003069556101019353,-0.04289287454612618,0.05318792469189838,-0.04819020267886213,0.2904892758571272,0.12699929501460297,0.00599878958260046,0.029420695919178334,-0.05776259488108687,0.0072993883185413005,-0.0014356226751906602,3.0191335555642487e-07,0.0,0.0,0.0
word_freq_pm,1.6507816e-05,0.0678883756305313,0.12372819193018222,-0.015004780697596946,-0.04449600343033636,0.044152987143694235,0.06157714292326575,0.14226360264281337,-0.08215518315729839,0.07331744574251359,-0.05807908261800147,0.11064233565539912,-0.0058645013559351315,0.12688298051211228,0.17888159069917567,-0.13354944492890025,0.22097809527860215,-0.07271089546405264,0.09765727609901512,-0.0036715843514379537,-0.24228694806512432,-0.03422751316279961,0.13131821626645654,0.13844117991160032,0.06917543457792588,-0.028245442703265962,-0.09880701046817389,-0.12485107914278004,-0.02958802492605113,0.07678170325929662,-0.08033705692012211,-0.01043275254050876,-0.04276798978260603,-0.09223588426422541,-0.05036922300604353,0.0002630115913406241,-0.16233644504979558,-0.08944649203701845,-0.1183073825601606,0.36816938804040067,0.09095878272629214,0.1713374812293766,0.0841724838833575,-0.022623835483982932,-0.031178070599506873,0.015477522078731341,0.04926335399154181,0.038968013585020195,-0.030180136173726006,0.0058002270277931235,-0.02782891900887248,0.003961937454019752,0.013188451526333238,-0.009049984999329205,0.005244834423861609,0.0008884459488725728,-0.0030372508445340746,0.0015912331062667587,5.804936257805226e-06,0.0,-0.002169197396963085,0.003036876355748408
word_freq_direct,6.5318134e-05,0.027002465291579902,0.598084460070854,0.2219091384060161,0.30081639909641217,-0.17883707339389307,-0.1521094650559686,-0.044571337438706546,0.0471087078816681,-0.10232296097015738,-0.08899584921214938,0.07178993002886112,0.02545169659074022,-0.010199119241726663,0.12652252846829792,0.011259729086962432,0.0656431456050671,0.07089424250852325,-0.028671280586355024,0.08251916729825572,0.05819216512559831,-0.022334694334014006,-0.04305869702586012,0.07496769095675176,-0.028341889600195572,0.009731566551904245,0.03834422313172958,-0.025005909822051923,-0.027821087330103432,-0.07215706827949,-0.06941101567316445,-0.023192033309919022,0.049359208256831176,0.06237477958652497,-0.0015112794251267905,-0.02626444547287514,0.023895468982311558,-0.01059680882093665,-0.0914742567142877,-0.04129476329145346,-0.009927394074345078,-0.014936731465725172,0.04222233119237084,0.00048124021508149327,-0.04473980473102831,-0.008270828690591224,-0.053808583084304314,-0.011870623644226225,-0.05540240500971423,0.02854827719175342,-0.1763214900262682,-0.043707802471727425,-0.006608848718262404,0.1875521003612203,0.048003632933375014,0.011599395298265302,0.013611625393725036,-0.021189587013719455,7.913089006311575e-06,0.0,0.000433839479392617,-0.000433839479392617
word_freq_cs,5.5726443e-05,0.004628136319784204,0.05608525047938341,-0.02190789037212526,-0.043829811914464396,0.040553590131274506,0.09528707324663323,0.1340628100320449,-0.06349913888852646,0.05788864618776592,-0.020699168862849303,0.13041235462458697,0.02949857063345811,0.03632271829004504,0.07805494555935277,-0.04074480983148434,0.05001660269878721,0.007859742530645586,0.07578075386486896,-0.05675643835828789,-0.04012926315966833,-0.06043608960253251,0.003760291937829311,-0.07429358915771667,-0.010468426298119829,0.028219364331836437,0.06415755584096254,-0.023873498543161658,-0.02112724993921455,-0.009553179247699103,-0.03252771607815028,-0.0887924632383608,-0.1093047406306366,0.14235239001163713,0.020225850620418734,0.014903250040015257,-0.006115748462265585,0.005689605432484016,0.11462615831647839,-0.17995901601197334,-0.2588007091998681,0.39439542566888197,0.10722464375591985,-0.015972438446703496,-0.01761498752455179,0.024136800359846222,0.025681266262802125,0.007787382178942914,0.010025336358865853,0.008334988117444549,0.013340265239206507,-0.01778531143314143,0.007685801105281343,0.003239223154634539,0.014078043069299984,-0.026868163828292425,0.0014855325309026668,-0.00041794152485461725,7.330038588541919e-06,0.0,0.0,0.002169197396963152
word_freq_meeting,0.00010808473,0.0,0.04242138835142954,-0.021315979170609907,-0.04100262362722218,0.02876495565238086,-0.004382056221670284,0.027305688660259685,-0.025415642728989087,0.05572442411824661,-0.006156834683252263,0.008946211969749623,-0.005223682041492431,0.07304353406144709,0.0050139912762257885,0.033115411949000875,-0.02809786787050615,0.035153830844867194,-0.034939426705018525,-0.03830258201900073,-0.04191622860402912,-0.04226424360415421,-0.08824009835803871,0.09904162898238028,-0.07844196532276512,0.08273106264597287,-0.05851661626849358,0.14252167622085724,-0.006763973946110972,-0.09588676914481929,0.16183809949822167,0.199626987833999,0.003051597101381251,-0.013850725188723621,0.07247983099854009,-0.03828466774981578,-0.12806657204504834,0.10175582356474183,0.1709747654501631,-0.10529791082060595,0.27750790517758306,0.021270446405214694,0.31286192693971243,0.004011877736006387,-0.051277095558933096,0.03633487780884834,0.011838498972940092,-0.029109127316929856,-0.02961966801031819,-0.011982995220277484,-0.015713919293608485,-0.0008285111906806507,-0.005132634660162831,-0.0057286536387875205,-0.002983917401353019,-0.0008362553750531198,-0.018270283565027003,0.002095761640886339,2.425949472719774e-06,0.0017353579175705125,0.0,0.007809110629067262
word_freq_original,3.3172557e-05,0.03823670481734087,0.22700861732413039,0.004477519614843928,0.026743992218405503,-0.007383035546441702,0.1356880985388646,0.2549427884850281,-0.12159189273585404,0.12039938938439865,-0.008539660692401354,0.2060441784212958,0.007956586145707384,0.15544693793613623,0.30165205672376555,-0.2534877795704451,0.26366640780336237,0.01813708873189806,0.24121559438731788,-0.061119870798698565,-0.23870388214931926,-0.07887510615296427,0.1062590271683388,-0.10164614514615056,-0.05334185803177472,-0.15881721714440014,0.0013599485719392838,0.10207090629000243,0.09713493010292733,0.1334637117082443,-0.31456350264190647,0.09729118832007583,0.0016038040036774983,-0.12342917224837265,-0.021612317882289664,0.15147054999332324,0.00521067466094029,0.02109909271362578,0.11699563970227154,-0.1677566828623128,0.025979538279335874,-0.1490675067665931,-0.027838396986076052,0.01909788759635562,0.004979382915656726,-0.012558537209824253,-0.018577043172845663,-0.014624651129626525,0.0042952862791492226,-0.004102278371775671,0.014863101172630438,-0.009187707605676422,-0.039886971828905535,0.0077580852485061285,-0.005153211195666717,-0.008406530132528173,0.00456270898820459,0.0007800741521484468,1.7245393312899745e-06,0.0,0.0,0.004772234273318921
word_freq_project,0.00013499008,0.013897468902801746,0.04330846426810012,-0.050534859690074575,-0.07741232651897367,0.059695821351710504,-0.0014207104635181793,0.017642024534367653,0.008356836099358427,-0.08127049551486092,0.04072394141611433,-0.1431598505894666,-0.03224871610918413,0.6778451705918004,0.20064896836511345,0.49105013985953266,0.07674269803422352,-0.11596402826295127,0.11745720859081082,0.1950207985908236,0.15010610037300762,0.19062065083978608,0.27792967924221335,-0.10721006405867771,0.08641922372871638,-0.23319827158521722,0.14683465336274856,-0.07169823755198029,0.05866756579578353,0.03666544351637844,0.1609412831127796,-0.047267559072860246,0.0029591248595880492,0.033096056740995715,0.015867072612834317,-0.019825228330772188,0.0049476252591969675,-0.00753454876040969,0.05832675290162833,-0.0176119611529755,0.018679117857678215,-0.021351468428973508,0.008852638336423208,0.00017510319978145724,-0.0035607975901955904,-0.003896705759563499,0.019108372941703432,0.020562703098749625,-0.03607511707541574,-0.0037017714332795567,-0.012228387909518735,-0.015764278369325056,-0.003501848340591381,-0.0017452733218784864,0.0036710089641872955,-0.0012540940146809794,-0.002020067809668575,0.0007813064668365402,-1.7383092878731208e-06,0.0021691973969631072,-0.000433839479392617,0.005639913232104154
word_freq_re,0.0006966224,0.04181569946772212,0.13100133208933568,-0.03600919331945353,-0.10875033163269707,0.0941549773964495,0.04445037984565808,0.2544888176182895,-0.15388001485774722,0.22667547895148576,0.012208304282036491,0.08622227829574654,0.006441292400092533,-0.18537234494681884,-0.003254720460163952,0.0703414152878693,0.07523076716265358,-0.08400069941104078,-0.08134853014434153,0.08542415090450356,-0.11478873003867747,0.08061229971109049,0.124882848853458,0.5186807771785257,-0.029921357943504364,-0.2695438068182595,0.14755684986879605,0.2244338021498116,-0.22171775140984928,-0.060990872277345426,0.16943731514289745,0.20021880391652044,0.035727315309705125,-0.013542384193838136,0.0025963300510226787,0.028382815428139634,0.12197540758936509,0.029178654515725756,0.005864801943680556,0.010231138173156898,-0.09792672431924479,0.01914482398456052,-0.0717917123052907,-0.0214008525800235,-0.001230347583742377,-0.021424089123235745,0.020534700353357454,-0.00378257876739603,0.007165289174979947,-0.007566858674675105,0.011729174010649403,0.009186998857323287,0.0027598969800192827,0.013117465148221711,0.002252608385940213,-0.0007483779846706473,0.0035141734005525688,0.0013760048354148344,3.2316740526593027e-06,0.0008676789587852562,-0.000433839479392617,0.0052060737527115375
word_freq_edu,0.0014967221,0.01604861911928568,0.03696712809223203,-0.08136888553539143,-0.17309545124347828,0.14319505753368053,0.0926343790764413,0.46910674373931444,-0.16478324828233434,-0.012756021348590484,-0.324369642373316,0.7091356014686342,0.18034015692131686,-0.18480460272287283,0.03489869945709762,0.3076461845329843,-0.3279513593333658,0.20997150065604483,-0.19623531565448515,-0.03088574710214788,0.29424303135209484,0.06574916563808357,0.14264810428857372,-0.14859636439645443,0.14059325768649986,-0.0149711622702782,-0.08239359286239972,0.03226010577948828,0.00950946027562791,-0.0074992348185314835,-0.0627587627590953,0.012963812544707243,-0.019229948977339702,-0.059152597239562774,0.025853222775234982,0.03454210431401051,-0.026513287979969002,-0.024411174056858564,-0.026817143466366645,0.02349475143398124,0.03961200071808454,-0.002968670467446672,0.004324119910868294,0.003578048876019929,0.0010252067210341853,-0.0017701662960845613,0.006781908588276041,0.00020138532194254144,-0.004648067167744006,-0.0018738970022107251,-0.002417897122450929,0.002006073284282266,-0.007155991364378447,0.0018098595229304676,-0.0029067484511018523,0.0017019196514405893,-0.003645510205527167,0.0011013582782782288,1.4241779278728286e-06,0.018221258134490225,0.007375271149674623,0.009544468546637796
word_freq_table,3.6722367e-06,0.0035199423077367786,0.001074087955401656,-0.05442854478705216,-0.08122452502328466,0.06754432446180209,-0.006963247221748105,0.16287686492343267,1.3110978250853522,0.34224678441359896,0.023408985752669007,0.15057486798199943,0.0013472647649329136,-0.027973057039926093,0.05157364829422053,-0.02295454607015613,0.024427467587951984,-0.0012832751707235123,0.011906548365961405,-0.006418961211176673,0.005005739396263038,0.0060874554858463764,0.061347464255566274,-0.015468394873121575,0.006480634799574021,-0.01878323788449248,0.0028123766528657555,0.02197417810901149,-0.04380666748131432,-0.004933017381443693,0.008184900432029137,-0.005121507834776039,-0.014146068927130325,0.013525570705063938,0.0026861550106650174,-0.009954557346343916,0.0002980702387246488,-0.008788179613346967,0.005119974763463978,0.0031898302379859775,0.010440783513357633,-0.004274073021949545,0.001887089473922858,-0.005221276546713266,0.0027666872236347824,0.0023912165069238864,0.005137512310173012,-0.0011011362120844658,-0.0010571054966462357,-0.0015104588645816414,0.0028821428267460157,-0.001913983541664358,-0.001006186080427245,0.0012599224351962275,0.0016549042920382632,-0.008612626328810888,0.0016928470930141464,0.0004082838263524033,-8.881644452318977e-07,0.0,0.0,0.0039045553145336644
word_freq_conference,2.6723947e-05,0.01388994274979738,0.00979664738441375,-0.009194999688312966,-0.012554555384516474,0.009155484594097905,-0.00023975110849081867,0.004788921452965283,-0.0038090400310896184,0.005825223079499523,0.0042262856881551646,-0.003177641758110671,0.0015244758068556083,0.022639177578205064,-0.006926223957049175,-0.006441705815042472,0.008764867527297776,0.002169248171285469,0.009264293579011016,-0.005738316929332767,0.008416562738665319,-0.007360514108775915,-0.03636087385542922,-0.01639044471693566,-0.02043029355025841,0.027717955962195177,0.0022554855163813762,-0.01167333050804525,0.00395360945754901,-0.01171438019859216,0.01783518889337592,-0.01308216563036534,-0.01235121461323924,-0.024574393868641294,-0.014058791466785335,-0.021595613348850583,0.021613053471331786,0.005535779933872346,-0.0319207875338339,-0.022854184190786275,0.0009493339631880224,-0.04580125594622951,0.01628690924478141,-0.06379813870000847,-0.04519689494008633,-0.024715132183492538,0.12814301884474374,0.1968365901645951,0.10040014777283868,0.032125139720260584,0.06867370943630743,0.041445822161795536,-0.05125368348202053,0.10628734168316506,-0.022072044436381257,-0.03299939927864334,-0.1281652965662454,0.005378385148815908,-7.320241020247148e-06,0.0,0.0,0.0013015184381779399
char_freq_;,0.00060527725,0.04625507600661871,0.01091150628130361,-0.021352812005547374,-0.024838569564459716,0.0275495829047904,0.03709561084937582,0.03368491065639167,0.03403034566679614,0.025413316326195274,0.02675130537857137,0.026548236800201266,0.07666469371330759,0.031845217261917906,0.03166500412460853,-0.02152011603666734,0.03344467762069777,-0.00887498545000752,0.01483932419544475,-0.013682839882458116,-0.015547579789676396,-0.015695387983887622,0.006448924009050677,-0.01219358134266407,-0.012010635175991692,-0.01404890670177502,0.0003693462017787306,0.0011240388263897534,0.0009948201092872529,0.011421935039767897,-0.009385536856224829,-0.017622751757241015,-0.01569246923684319,0.05334683222208798,0.0050549875754917605,0.019888754498963806,-0.0027037373064932894,0.006566343186795415,0.017503214844864355,-0.027351903644501796,-0.04855964149924134,0.02450571762238322,0.010122849654680393,-0.011650929678877008,-0.010601359927652284,-0.010549251547939682,-0.0028058796913809857,-0.009824952424154619,-0.0029838980223667994,0.013857485487367954,-0.031060495960582156,0.08123104716215548,0.01705466053260223,-0.005330409485252896,-0.06419797297618007,0.2175321080754951,-0.04571159834632113,-0.006448601573169868,2.4556261656946063e-05,0.0,-0.000433839479392617,-0.001301518438177851
char_freq_(,0.0016988721,0.028665231648844713,0.28525082385089695,0.11461880752317329,0.10278018268776169,-0.1099826179196646,0.019588291621266407,0.049930019397585255,0.0028156733249061106,-0.0834782004096816,-0.06441266039359815,0.12536753072745158,0.020058275998000627,0.1756722703082832,-0.3311590513676051,0.07257095028127332,-0.15399908474409435,-0.20814198524806451,0.016852538562815003,-0.2867708100398012,-0.22644102818464207,-0.1320813281143513,0.050791528521272306,0.07352989911167862,0.13439785059187842,-0.004031279790719035,0.1144754071769116,-0.004369696736270286,-0.023137605808527327,-0.2051280999029159,-0.1485254791720626,-0.07020721541775427,-0.2993314619394007,0.1969984660361577,0.06289253258498308,-0.03489870945754976,0.10540069874576188,-0.052920313049700816,0.16388972710660424,0.12091368187623124,0.008633560136173215,-0.13114911151771333,0.03253989454085471,-0.010296633252833039,-0.03730534180137352,-0.029545408038010038,-0.037642462281637264,0.01917936601357484,-0.0012980964629076698,-0.022011024162112217,0.0069213473117304,0.0032378804521044774,0.004465510879305436,0.003317224088040884,-0.003991232147238789,-0.004580456524178126,0.005043707389047611,-0.00014456586227472803,-7.989820079934436e-07,0.000867678958785234,0.0026030368763557466,2.2204460492503132e-17
char_freq_bracket,9.802752e-05,0.0,0.14781464837478972,-0.04105220354642066,0.15550590577178233,-0.13358977455751414,1.3978012840760756,-0.4473227901868494,0.04292412260398735,0.02019904308766375,-0.10240551149440232,0.05605113369903443,-0.031607571473163454,-0.012422630432977715,0.06855962465652544,-0.0462650141187816,0.030838640868305716,0.047818591362905824,-0.008949935446638338,0.06352679103754431,0.11581343537481915,0.07977789232602278,0.04184790795263952,0.07112051273453344,0.021795797176414618,0.017469399902150243,0.007953360681398016,0.02776540034577135,0.009792401485217704,-0.08266959940519672,-0.02175031561649483,-0.0026127804080189857,-0.025676234959638035,0.04329414813896858,-0.00843546444854699,-0.021175161552292005,0.0008024312231286825,-0.002276349315627925,-0.032146419199748415,-0.00633892714531546,0.020650139722185858,-0.013299270678379348,0.004140383451305444,-0.0029376077398754474,0.01483561437161489,0.0071247147369468255,0.009278159438868205,-0.00579131812465825,0.0006083383758508093,0.001971569015109676,0.0007010352433414174,0.00046638124007034325,0.00036097451243178496,-0.0027446827452893125,-0.0004641540535038205,-0.0023666481768079913,-0.001630503141528445,0.00018667112681497875,-3.539134854701485e-08,0.0,0.0,0.0030368763557484303
char_freq_!,0.0024477914,0.22910260693233342,-0.13142081502102362,-0.001145588729267707,0.06537055315481345,-0.08740283236933157,-0.07583537079218423,-0.12446886638325477,0.0010445689235590065,0.03502905004697303,-0.01038397621676035,0.04724822015207821,0.01391370722287147,-0.04495805142024303,-0.06901023455328974,0.010903422678569039,0.09968519505490721,0.008601076747085679,0.01550046026246379,-0.01419710420759355,0.02690677049441827,-0.0095286308091298,-0.0007659232790102425,0.006338691212749936,-0.00194168589522981,-0.04984305723240202,0.051636160439289355,0.05710380736840324,-0.011730849964115237,-0.06011349180744897,0.002893101775432322,-0.0377461206331492,-0.0421770695639839,-0.021723893577917017,0.04794925340659403,0.06863288717770873,0.02236278903351723,-0.11842010577969347,-0.01996297398456904,-0.029593324519687433,0.06103131857160968,0.04830033777962305,-0.015946340847143962,0.4413062592536111,0.042331158586028636,0.06592751088770395,0.09743847640836872,0.06401600669001396,-0.0008942964789998829,-0.09318259453628772,-0.01638865612497478,0.012090476634151076,0.004380779152301829,0.018171550009952016,-0.00397061121855672,0.008645888989623462,0.00269641404534362,0.007499058191117716,1.496094207589771e-05,0.022125813449023823,0.010845986984815602,0.02169197396963125
char_freq_$,0.0011130922,0.17156426766043809,-0.1747375106945389,0.007600604490634946,0.2637062192338637,-0.14892597648588415,0.0007588485499513163,0.037656450578512975,-0.0005978667485307046,0.007730143519028174,-0.044864935644302634,-0.014485624754282734,0.01641722953584782,-0.02699490852292117,-0.028104683057140357,0.04132105631598946,0.07444113602196464,-0.04815955167876579,-0.054753298771363444,0.013745428248607666,-0.002394472525826478,-0.08397844265294523,-0.04375883954704954,-0.046163439923481916,0.07972620929815075,-0.03516828130049301,0.059563356407423496,0.018975651110498034,-0.06719897632596247,-0.012004583279402542,0.008980672097575415,-0.017973429837022298,-0.01788508396767345,-0.011559762125387587,0.07845170679920865,0.003306134775364402,-0.013723432226998265,-0.0006063434298869116,0.023925617300145093,0.03528150260539894,0.0006943881853816862,-0.01993216299475829,-0.03273922403499904,0.08620822222449663,-0.07897309185379393,0.10737161304202078,0.10557705448101952,-0.10427787570769632,-0.060271799795940995,0.2810348609086106,0.07039637296151297,-0.012572937026362105,-0.057489675145771024,0.009233747484265732,-0.014331856193881729,0.0005287635515829325,0.005031823590883649,-0.01887002216068648,-7.062050640579341e-05,0.0195227765726681,0.003904555314533642,0.015618221258134524
char_freq_#,0.00077968196,0.05528706143312068,-0.002970216643255396,0.005943481351236388,0.00952200177810058,-0.005791182130979412,-0.012415559204117759,-0.041317181632055444,0.002176120024922564,-0.03160525523641692,0.07273128445174332,-0.003252799914405193,0.19971209195812847,0.001185461401337923,0.026771933657326195,-0.01163336023065466,0.028975098113247583,-0.018698665339726563,-0.01306846151499798,0.006144103316045975,0.015227553779973417,-0.014926709458821163,0.06383860055173696,-0.010805941675187142,0.012469596007746777,0.013421961426959464,0.008519864028151082,-0.0013823548356751841,-0.019404659695376317,0.004091321410985839,-0.002747177729636872,-0.0008566078268477309,-0.00862306193006742,0.0053740038517351004,0.026374162139558614,-0.00895286996304294,0.0013403614552889283,-0.004690657159808555,-0.00024293577849974547,0.021731944065834452,0.018611462476382554,-0.007245941101879441,0.005437025050034976,0.011347999656224015,-0.013138849291512052,0.02067260607174599,-0.00856049530178004,-0.05463227184248332,0.07067010904587173,-0.02619982644862408,0.07715837928455122,0.030599291188725234,-0.05030392470268375,-0.013398086223138355,0.2389279364884849,0.047428016367455514,-0.02846178777962204,-0.010382673308666523,2.779725052015913e-06,0.000867678958785234,0.0021691973969631293,0.00043383947939263924
capital_run_length_average,1.0,0.16043444082215075,-0.02396385275654438,-0.00572229034589211,0.0419952206715761,-0.030674731041081774,0.00011019141968333961,-0.0084414444903809,-0.003367063054525815,-0.005666031841942961,0.02217456883370448,0.011637991896863778,0.04431840466984239,0.012261915573971455,-0.0214341101383996,-0.042002704050851256,0.014880384748883067,-0.004456940689398759,0.028769638273828335,-0.03009263715157732,0.06986911639983037,-0.03493673020300992,-0.010201039367072506,-0.012408114806602952,0.023908528469352822,-0.03922667488103713,-0.021193784346893656,0.030287915053163347,-0.029458514339642507,-0.06754833966344857,0.0705876510885145,-0.057555809925625916,0.036947801551559585,-0.07025377276709337,-0.18287239308001788,0.042919134601618135,0.07956194494466001,-0.11743186977488647,0.05847005660065243,0.015452989932132108,0.015552418888420206,0.01918889786352973,0.06944228865884063,-0.007516097689793866,0.09573033814650721,0.0354121603881182,-0.11904472621201638,0.029304496569877072,-0.012349769181508714,0.07888266837227917,0.025829084509721763,0.006878821026536527,-0.020412042519631784,0.03787830466607399,0.013681201388669765,0.01637378552398898,0.014588018770347976,0.14822609509370324,3.2934176916733345e-05,0.009110629067245113,0.008242950108459879,4.4408920985006264e-17
capital_run_length_longest,0.56044644,0.16659334279787008,-0.1426117992058497,-0.017627610016297604,0.2362541031892485,-0.18566323962285247,-0.007503162643709063,0.06371147612859003,-0.010669445744413275,-0.010247235884310917,0.10524975920245366,0.04454782758886319,0.040822484043482085,0.06274397899050199,-0.01921737603959208,-0.1387940496045853,-0.010657609396616337,0.0009019575164832114,0.08163903280564615,-0.10179877632471422,0.19473373356737148,-0.04955160535827683,0.017834395664023953,0.009927865135383667,0.0608182984807799,-0.065537529654085,-0.03693215106860741,0.0949593634042261,-0.01041020300784678,-0.09041294521933828,0.11831050299400024,-0.06003767453035811,0.056781589746033916,-0.11284046439477724,-0.2943284829227797,0.039062182927731656,0.09833626468901714,-0.1624923118707994,0.06987074188053906,0.029410324028060188,-0.01445393517175489,0.008344326724901999,0.1029837668009007,0.0035994080162684195,0.0886053417725383,0.03772597248495272,-0.12141566071668594,0.04250054602745973,-0.00692432280023705,0.022570771524422703,0.02855162349783171,0.0015493118250897479,-0.002210465408715126,-0.010702662566660286,-0.01065690918366339,-0.00659303759555589,-0.014201818068305063,-0.1088760741214645,-1.598986078704712e-05,0.016485900216919737,0.01301518438177871,0.0
capital_run_length_total,0.55178803,0.13885187763329188,-0.13464315089416162,-0.019973978154283884,0.17785752192730955,-0.15226178067963864,0.02102063796476707,0.03601965778899567,-0.007944756762672568,-0.012873291888927952,0.11717734780117403,0.05216959941006885,0.13497776231943684,0.11534091530953647,-0.035550906042598994,-0.1544371959232637,0.01775002053007979,-0.022426505377551167,0.059647643323320176,-0.10257450874408812,0.24196908115575352,-0.09313932313636027,-0.05991632552047157,0.009046258721118161,0.1043061620103363,0.07093230897926424,-0.006429855050771936,0.05928041246874433,-0.08757147825478263,0.02359084601079073,0.09937195891573883,-0.07161132056004824,0.05537175284036628,-0.062833268720151,-0.1455974054179483,0.08097517842049999,0.00750248983221079,-0.07670920104872557,0.05022664115594505,0.01633288216933499,-0.12243362414768487,-0.10180339038082267,0.06526926720873093,-0.04655427715288755,-0.16883076219766346,-0.11080712876894108,0.22847248804158343,-0.07786057663861207,-0.005805362914733742,-0.06986243029482864,-0.07873960149453307,0.011281412293866686,-0.03200298203492866,-0.026365359467021857,0.003059492866429188,-0.004992631240525935,0.023329321751934057,0.025866156227733923,-4.50692617665274e-05,0.004338394793926237,0.008676789587852474,-0.0021691973969631293
